Country Name;Country Code;Indicator Name;Indicator Code;1960;1961;1962;1963;1964;1965;1966;1967;1968;1969;1970;1971;1972;1973;1974;1975;1976;1977;1978;1979;1980;1981;1982;1983;1984;1985;1986;1987;1988;1989;1990;1991;1992;1993;1994;1995;1996;1997;1998;1999;2000;2001;2002;2003;2004;2005;2006;2007;2008;2009;2010;2011;2012;2013;2014;2015;2016;2017;2018;2019;;
Australia;AUS;Índice de Gini;SI.POV.GINI;;;;;;;;;;;;;;;;;;;;;;31.3;;;;32.5;;;;33.2;;;;;;32.6;;;;;;33.5;;33.5;33.1;;;;35.4;;34.7;;;;34.4;;;;;;;
Australia;AUS;Crecimiento del PIB (% anual);NY.GDP.MKTP.KD.ZG;;2.485789429032;1.29590608067429;6.21461791058083;6.97853350773255;5.98356261115181;2.38254609165584;6.30251721073168;5.09588078246428;7.04423241840924;7.17220703641655;4.00372351928991;3.91265629379166;2.61339388837773;4.10355221488801;1.34997281728944;2.58763920112666;3.59750974774349;0.896784694168801;4.04350392041144;3.03406821566392;3.3379589496938;3.32840049046553;-2.22045813521454;4.58126949106862;5.24924090486381;4.03724724432439;2.55328541629207;5.74072859859231;3.8647095536645;3.57061742142551;-0.397231658736658;0.41252910915604;4.02940866924268;3.98269524456455;3.8360591178651;3.87861846178214;3.96649664429529;4.57669378261247;5.07358525786199;3.93309702604363;1.93088254446003;4.00137703160961;2.9859404859405;4.05555187381954;3.20416012202685;2.7945833156557;3.84430955287924;3.65791265061549;1.93692176952554;2.06746567730687;2.46278617259068;3.91816177220686;2.58487511083116;2.5331154467595;2.1926400283338;2.77065669252896;2.36761725296472;2.94033358170461;;;
Australia;AUS;Gasto en investigación y desarrollo (% del PIB);GB.XPD.RSDV.GD.ZS;;;;;;;;;;;;;;;;;;;;;;;;;;;;;;;;;;;;;1.6665;;1.51645;;1.57558;;1.75161;;1.85456;;2.18552;;2.4037;;2.37586;2.23765;;2.1787;;1.91943;;;;;;
Austria;AUT;Índice de Gini;SI.POV.GINI;;;;;;;;;;;;;;;;;;;;;;;;;;;;23;;;;;;;31.3;31.1;;30.2;;;28.8;;;29.5;29.8;28.7;29.6;30.6;30.4;31.5;30.3;30.8;30.5;30.8;30.5;30.5;30.8;29.7;;;;
Austria;AUT;Crecimiento del PIB (% anual);NY.GDP.MKTP.KD.ZG;;5.53797931684528;2.64867511295262;4.13826758157036;6.12435373762843;3.48017491799556;5.64286141093278;3.0080477977549;4.47231278246065;6.27586716607024;6.32114254507779;5.11496867127748;6.20786093023295;4.89043547139374;3.94213814114046;-0.36373570356109;4.57844537493344;5.07998080157401;-0.210653510515499;5.35669983191629;1.73148541873233;-0.144294460384657;2.0112543592022;2.97308798050202;0.0512752572163322;2.4986784919999;2.30139277876287;1.35716801466445;3.29588021671918;3.88707476589489;4.34564154381593;3.44162744917193;2.09352470997408;0.526809466130729;2.40211876560241;2.66798366152948;2.34953385169727;2.09359938952392;3.58142581460447;3.55633124664169;3.37572214708479;1.26716818922992;1.65155392186669;0.941470920725337;2.73512022241023;2.24406532463878;3.45404183614122;3.72741530093519;1.4604236757386;-3.76457817791677;1.83709367680054;2.92279728368581;0.680445576816723;0.0255047121972183;0.661272848852605;1.01450158590511;2.08260842829317;2.47644392123686;2.41976363780752;;;
Austria;AUT;Gasto en investigación y desarrollo (% del PIB);GB.XPD.RSDV.GD.ZS;;;;;;;;;;;;;;;;;;;;;;;;;;;;;;;;;;;;;1.58077;1.65491;1.73155;1.84537;1.88602;1.9921;2.06598;2.17456;2.16612;2.37324;2.35923;2.41843;2.56945;2.59674;2.7261;2.66868;2.91472;2.95492;3.08429;3.04979;3.12523;3.15743;;;;
Bélgica;BEL;Índice de Gini;SI.POV.GINI;;;;;;;;;;;;;;;;;;;;;;;;;;25.2;;;25.7;;;;25;;;28.4;;26.8;;;33.1;;;28.1;30.5;29.3;28.1;29.2;28.4;28.6;28.4;28.1;27.5;27.7;28.1;27.7;27.6;27.4;;;;
Bélgica;BEL;Crecimiento del PIB (% anual);NY.GDP.MKTP.KD.ZG;;4.97842306319197;5.21200350925528;4.35158428167051;6.95668473344102;3.56065983986036;3.15589498173408;3.86814694690112;4.19412962494732;6.62979979529467;5.59182153579063;3.98582729907382;5.29560444837105;6.38170206212551;4.56525806779197;-1.96594153429368;5.65274584149404;0.626154820730022;2.8418965781493;2.34107303835739;4.44405402410875;-0.279283604914966;0.59498691972091;0.311842764704281;2.46638261847068;1.65179285231029;1.82276215923669;2.30665938884269;4.72320893200748;3.46916680457367;3.13740246177889;1.83307427924075;1.53065483605788;-0.961873090440875;3.22697146648132;2.38475720698521;1.32147848811599;3.79364486135974;1.96184075078834;3.54273427701128;3.71667711251564;1.09961615969796;1.70688915887587;1.03795305343826;3.57119289125183;2.32173738004792;2.55235376695013;3.67691824085243;0.446916545344948;-2.02072581635507;2.86428532684397;1.69449744610768;0.739229905081658;0.459228050116039;1.57852322952448;2.0327889725624;1.51110603420099;1.96419275543016;1.45840535284985;;;
Bélgica;BEL;Gasto en investigación y desarrollo (% del PIB);GB.XPD.RSDV.GD.ZS;;;;;;;;;;;;;;;;;;;;;;;;;;;;;;;;;;;;;1.72963;1.79476;1.82362;1.89068;1.92236;2.02168;1.89073;1.83184;1.80898;1.78231;1.81426;1.84413;1.92413;1.98537;2.05081;2.15533;2.27334;2.33393;2.38729;2.46123;2.54569;2.59448;;;;
Canadá;CAN;Índice de Gini;SI.POV.GINI;;;;;;;;;;;;37.3;;;;33.3;;;;;;32.4;;;;;;31.5;;;;31;;;31.3;;;31.6;33.2;;33.3;;;;33.7;;;33.8;;;33.6;;;33.8;;;;;;;;
Canadá;CAN;Crecimiento del PIB (% anual);NY.GDP.MKTP.KD.ZG;;3.16329168371298;7.42538477443719;5.34954645713648;6.64289441498821;6.31671417557232;6.70499176434708;3.09120596217809;4.99566660464043;5.04545636736964;2.96001646382629;3.97025075884983;5.50968370660276;6.8357422586823;3.28032301082806;1.46123685558305;5.87863011736887;3.43815146184525;3.68350886682052;3.71116848303681;2.15553738839604;3.47412632772526;-3.18726208465479;2.60133945424239;5.90845704176621;4.7373998942865;2.14497205292487;4.07295912526591;4.41011097816946;2.31697930703483;0.164672535628625;-2.08608547652297;0.900259569351064;2.66085657684651;4.49446621724847;2.69397626803176;1.61917246554582;4.28004008396196;2.79654245411125;3.97048265202262;4.91776271410482;1.40552759732925;3.4221461500244;3.8110902009352;3.91402874984598;4.995860902324;4.16581761212105;6.86860885817526;1.00762267472483;-2.92840017856906;3.08949464089598;3.1468813637827;1.76227824360862;2.33017477258424;2.86845397086277;0.689906521518282;1.10709938479032;2.97856595447313;1.89697475634192;;;
Canadá;CAN;Gasto en investigación y desarrollo (% del PIB);GB.XPD.RSDV.GD.ZS;;;;;;;;;;;;;;;;;;;;;;;;;;;;;;;;;;;;;1.61209;1.61921;1.71643;1.75587;1.86469;2.02831;1.97873;1.97478;2.00416;1.97759;1.94872;1.90857;1.8604;1.92227;1.82958;1.79132;1.7766;1.70964;1.71824;1.69718;1.69728;1591;1.55277;;;
Suiza;CHE;Índice de Gini;SI.POV.GINI;;;;;;;;;;;;;;;;;;;;;;;36;;;;;;;;;;33.9;;;;;;;;33.4;;31.7;;;;33.9;34.3;33.8;32.9;32.6;31.7;31.6;32.5;32.5;32.3;33;32.7;;;;
Suiza;CHE;Crecimiento del PIB (% anual);NY.GDP.MKTP.KD.ZG;;;;;;;;;;;;4.0754425603037;3.20050868840995;3.04990759774215;1.45490779888983;-7.28317454031901;-1.40367603571157;2.43365208080522;0.409083778103337;2.49151213225105;4.60197737016877;1.6013358536248;-1.30941743965948;0.639079465408514;3.00845640886848;3.67359591781265;1.85863279612077;1.5854781635592;3.27759624831731;4.33079404691527;3.67462564107078;-0.915816564454047;-0.0437330104444271;-0.125983546778414;1.26975770985732;0.48091614334551;0.539919650946217;2.34017126592072;2.98988444639568;1.69474952342516;3.93693216079933;1.31226983166431;0.162613316990857;0.0395690028651927;2.7762966881987;3.11520191691865;3.98872281604888;4.11176774758097;2.15474411847813;-2.22211193662125;3.00279824507554;1.69275218048341;1.00607781215992;1.85203545309911;2.4491795250496;1.33338850138985;1.7226491078443;1.79947669371998;2.75051698095396;;;
Suiza;CHE;Gasto en investigación y desarrollo (% del PIB);GB.XPD.RSDV.GD.ZS;;;;;;;;;;;;;;;;;;;;;;;;;;;;;;;;;;;;;2.44857;;;;2.32344;;;;2.67269;;;;2.71472;;;;3.18623;;;3.3716;;;;;;
Chile;CHL;Índice de Gini;SI.POV.GINI;;;;;;;;;;;;;;;;;;;;;;;;;;;;56.2;;;57.2;;54.8;;56.4;;54.9;;55.5;;52.8;;;51.5;;;47.3;;;47;;46;;45.8;;44.4;;44.4;;;;
Chile;CHL;Crecimiento del PIB (% anual);NY.GDP.MKTP.KD.ZG;;5.24527188577721;4.02668562467936;5.84014013697538;2.55722054231921;0.950272505266042;11.2362424530091;3.61599985502656;3.59201332908737;3.93798327923392;1.82896697107341;9.42268621200233;-1.01994779488233;-5.02924835493734;2.38214933228407;-12.9121010521584;3.83258400873092;10.4446863753088;7.70110360502387;8.41830468602053;7.98662075742482;6.5253703654798;-11.014305060839;-5.01742052484838;4.10368324170109;4.00991620181227;5.37769232223731;6.46046852848676;7.34511045469792;9.92338289712409;3.33356547272084;7.80439218641014;11.1667077338886;6.58878382654488;5.03019797742309;8.93329586945268;6.80291659577689;7.42788980789015;4.32457949685634;-0.412096167033098;5.32693841912362;3.3030473125087;3.10697053227061;4.09104768470421;7.20953970945035;5.74283048945117;6.31717634314714;4.90532450356156;3.52953055326518;-1.5642394429907;5.84417729578996;6.11091882913644;5.31862800041417;4.04500429818519;1.76673978360542;2.30376703610749;1.67054017329502;1.2791833414782;4.02465296525456;;;
Chile;CHL;Gasto en investigación y desarrollo (% del PIB);GB.XPD.RSDV.GD.ZS;;;;;;;;;;;;;;;;;;;;;;;;;;;;;;;;;;;;;;;;;;;;;;;;0.30957;0.37497;0.35202;0.32947;0.35144;0.3622;0.3887;0.37503;0.38073;362;;;;;
Colombia;COL;Índice de Gini;SI.POV.GINI;;;;;;;;;;;;;;;;;;;;;;;;;;;;;;;;;51.5;;;;56.9;;;58.7;58.7;57.2;55.8;53.4;54.8;53.7;;;55.5;54.4;54.7;53.5;52.7;52.8;52.7;51.1;50.8;49.7;50.4;;;
Colombia;COL;Crecimiento del PIB (% anual);NY.GDP.MKTP.KD.ZG;;5.08921698366156;5.41188961407728;3.28670755368852;6.16694132410072;3.60001139244086;5.23673585732512;4.13486416558872;5.93311800239111;6.10251730671246;6.20779696259059;5.9607279444283;7.66914754853083;6.72295496461068;5.74575718887391;2.32325528529216;4.72836873130117;4.15850545534259;8.46990083863976;5.37911898776446;4.08735367309494;2.27687274732989;0.948420786408448;1.57395603828768;3.35068373898201;3.10710619368098;5.82407613847742;5.36893214813603;4.06417324517207;3.41409610863153;4.28199833207572;2.00160759679279;4.04492943774078;5.3854099385677;5.81466190787816;5.2024375925092;2.05585471217387;3.43029367827623;0.569784089866261;-4.20401524369927;2.92486148314592;1.67789830769955;2.50398046550686;3.91827190359832;5.33302206745236;4.70655600893191;6.77940534221133;6.8486547845695;3.25704846539303;1.20542209549299;4.34755326848266;7.36253091447171;3.90305421927597;4.56686977279675;4.72831224597601;2.95594590662741;2.08738250162794;1.35132667631581;2.56922098807335;;;
Colombia;COL;Gasto en investigación y desarrollo (% del PIB);GB.XPD.RSDV.GD.ZS;;;;;;;;;;;;;;;;;;;;;;;;;;;;;;;;;;;;;0.29923;0.27366;;;0.12999;0.13183;0.13944;0.15602;0.15353;0.15131;0.1499;0.18498;0.20164;196;0.19532;0.20625;234;0.27128;0.30563;0.28975;0.26694;0.24294;0.23699;;;
República Checa;CZE;Índice de Gini;SI.POV.GINI;;;;;;;;;;;;;;;;;;;;;;;;;;;;;;;;;20.7;26.6;;;25.8;;;;;;26.6;;27.5;26.9;26.7;26;26.3;26.2;26.6;26.4;26.1;26.5;25.9;25.9;25.4;24.9;;;;
República Checa;CZE;Crecimiento del PIB (% anual);NY.GDP.MKTP.KD.ZG;;;;;;;;;;;;;;;;;;;;;;;;;;;;;;;;-11.614942358929;-0.506542350091891;0.0619042481668259;2.90930946382764;6.22140600246843;4.22281456967646;-0.594659086701967;-0.328715516439146;1.43283947755531;4.26674135904462;2.90876488054445;1.65249405419866;3.60298946034922;4.90656376316664;6.53346880507935;6.85352233442428;5.6026436836669;2.68228272581928;-4.80257209234594;2.27342005374092;1.77783318558407;-0.799844280980295;-0.483671041809359;2.71511613330348;5.30923851823553;2.45054238635723;4.3526035198277;2.95778447296561;;;
República Checa;CZE;Gasto en investigación y desarrollo (% del PIB);GB.XPD.RSDV.GD.ZS;;;;;;;;;;;;;;;;;;;;;;;;;;;;;;;;;;;;;0.89446;0.99439;1.06528;1.05452;1.11319;1.10333;1.10202;1.14741;1.14559;1.16835;1.23173;1.30228;1.23933;1.29438;1.33688;1.55571;1.78231;1.89973;1.97285;1.92923;1.68015;1.79079;;;;
Alemania;DEU;Índice de Gini;SI.POV.GINI;;;;;;;;;;;;;;;;;;;;;;;;;;;;;;;;29.2;;;29.2;28.9;;;28.3;;28.8;30.3;29.9;30;30.4;32.1;31.3;31.3;31.1;30.5;30.2;30.5;;31.1;;31.7;31.9;;;;;
Alemania;DEU;Crecimiento del PIB (% anual);NY.GDP.MKTP.KD.ZG;;;;;;;;;;;;3.13269974699064;4.30034129798493;4.77748691493301;0.890068708241017;-0.866738897397596;4.94925839024336;3.34721809157305;3.00849287649234;4.15036332866411;1.40882865990888;0.529240542214367;-0.394840749338101;1.57241015030965;2.8229478325773;2.32793522286853;2.28733926717875;1.40215157719238;3.70723566525066;3.89655172201118;5.25500608859595;5.10826150765951;1.92807343038962;-0.979339906561634;2.398049086341;1.5347974754814;0.820953826499334;1.7836372384923;2.01904748909297;1.89195900764383;2.89518694712132;1.69773236086638;-0.198459062728844;-0.713533477235572;1.18991490034335;0.721853764966724;3.81458790454661;2.98407727316592;0.96226644174557;-5.69715162828702;4.1789690378929;3.92413341771297;0.41955108005358;0.428243261672193;2.22568874914928;1.73974982269824;2.22999996699747;2.46503002917808;1.52744629830981;;;
Alemania;DEU;Gasto en investigación y desarrollo (% del PIB);GB.XPD.RSDV.GD.ZS;;;;;;;;;;;;;;;;;;;;;;;;;;;;;;;;;;;;;2.13716;2.1788;2.2123;2.33383;2.39166;2.38558;2.41543;2.4566;2.42079;2.42253;2.45604;2.44633;2.59712;2.72644;2.71367;2.79562;2.86813;2.82105;2.86691;2.91197;2.91712;3.02233;;;;
Dinamarca;DNK;Índice de Gini;SI.POV.GINI;;;;;;;;;;;;;;;;;;;;;;;;;;;;26.2;;;;;24.7;;;23;;;;;23.8;;;25.6;24.9;25.2;25.9;26.2;25.2;26.7;27.2;27.3;27.8;28.5;28.4;28.2;28.2;28.7;;;;
Dinamarca;DNK;Crecimiento del PIB (% anual);NY.GDP.MKTP.KD.ZG;;6.37883247557384;5.66682217271807;0.637021234202351;9.26993821451794;4.55525481407106;2.74091010903237;5.53037000752011;5.55307657638726;6.50924838489951;1.59684183876865;3.00499556200879;3.92938529681703;4.09294613476851;-1.12239431043449;-1.45664495693471;5.92460627307688;1.87029096181028;2.22630855105066;3.86911153084107;-0.482986390622273;-0.666124083516877;3.68457289377567;2.5960719203777;4.16613796743053;4.00375177406835;4.90417842014259;0.254266246784482;-0.0136011602063491;0.645187431976638;1.47524426157177;1.39363400503063;1.95700670472409;0.0106876521799961;5.33246266135845;3.02758730901766;2.90009972939423;3.26089019723177;2.21815869903659;2.94802217396024;3.74686261409498;0.823153020719275;0.466345549014747;0.390058528624792;2.66821929069209;2.33664132484286;3.91300794127373;0.909238959176889;-0.512016734783217;-4.9065477294027;1.87099110975051;1.33677777779432;0.22649979701626;0.933340957051087;1.61939381663372;2.3425904296801;3.24595766559814;2.036165206055;2.39132968541817;;;
Dinamarca;DNK;Gasto en investigación y desarrollo (% del PIB);GB.XPD.RSDV.GD.ZS;;;;;;;;;;;;;;;;;;;;;;;;;;;;;;;;;;;;;1.80667;1.88914;2.00619;2.12764;;2.32466;2.44145;2.51085;2.41916;2.39337;2403;2.51541;2.77346;3.05514;2.91707;2.94465;2.98125;2.97048;2.91404;3.05497;3.11868;3.05583;;;;
España;ESP;Índice de Gini;SI.POV.GINI;;;;;;;;;;;;;;;;;;;;;34.5;;;;;34.4;;;;;32;;;;;36.7;;;;;34.3;;;31.8;33.3;32.4;33.5;34.1;34.2;34.9;35.2;35.7;35.4;36.2;36.1;36.2;35.8;34.7;;;;
España;ESP;Crecimiento del PIB (% anual);NY.GDP.MKTP.KD.ZG;;11.8386741948332;9.95343810301794;9.59649887419761;5.30851024557151;6.253134898985;7.24606030950785;4.34033841707489;6.59702013758312;8.90701555527096;4.29063938766936;4.64947345550061;8.14974587576147;7.78846528076687;5.61878576869906;0.542203303441539;3.30379152631146;2.83857429483281;1.46300338391907;0.0415465097494092;2.20872811134694;-0.132468611532843;1.2464617264703;1.77011576368994;1.78468752120753;2.32143585473783;3.25332172679546;5.54712260806937;5.09432422622058;4.82703029674177;3.78139345753306;2.54600057704889;0.929215430589835;-1.03149177665361;2.38319530731724;2.75749403865821;2.66052445272342;3.70258028536841;4.39303735124493;4.49049131553554;5.24599468041613;3.93294884333099;2.73102223160264;2.98189483596207;3.12279524151424;3.65203267433178;4.10272711542463;3.60468797126931;0.887145182485298;-3.76323192690089;0.163010230841422;-0.81437345515107;-2.95944130173555;-1.43539425919327;1.38390794267029;3.83517266033846;3.03130132981933;2.8917681073267;2.35100813140505;;;
España;ESP;Gasto en investigación y desarrollo (% del PIB);GB.XPD.RSDV.GD.ZS;;;;;;;;;;;;;;;;;;;;;;;;;;;;;;;;;;;;;0.78949;0.77964;0.85102;0.84052;0.88495;0.89019;0.96005;1.02219;1.03849;1.09577;1.17217;1.23448;1.31706;1.35134;1.34961;1.32508;1.28788;1.26859;1.23535;1.21832;1.18526;1.20482;;;;
Estonia;EST;Índice de Gini;SI.POV.GINI;;;;;;;;;;;;;;;;;;;;;;;;;;;;;;;;;;39.5;;;;;;;;;;37.2;33.6;33.4;33.7;31.2;31.9;31.4;32;32.5;32.9;35.1;34.6;32.7;31.2;30.4;;;;
Estonia;EST;Crecimiento del PIB (% anual);NY.GDP.MKTP.KD.ZG;;;;;;;;;;;;;;;;;;;;;;;;;;;;;;;;;;;-1.6424246224986;4.52668179218799;4.93597164680249;13.0465348779449;4.33029578271929;-0.403435554874093;10.106520167909;5.97960281497825;6.80239085441958;7.56669202509161;6.76745667087503;9.49029679825276;9.71875924288119;7.57358092049655;-5.08894221126678;-14.4338686354076;2.70690275278302;7.4415848189133;3.11023455542406;1.34618783576073;2.98732581885494;1.84488517975394;2.63156790553847;5.74880209154125;4.76115846853359;;;
Estonia;EST;Gasto en investigación y desarrollo (% del PIB);GB.XPD.RSDV.GD.ZS;;;;;;;;;;;;;;;;;;;;;;;;;;;;;;;;;;;;;;;0.57074;0.68063;0.60009;0.69946;0.71649;0.76777;0.85193;0.92364;1.11666;1.06884;1.25952;1.39541;1.58162;2.30655;2.12265;1.72216;1.42931;1.46604;1.2468;1.28867;;;;
Finlandia;FIN;Índice de Gini;SI.POV.GINI;;;;;;;;;;;;;;;;;;;;;;;;;;;;22.2;;;;22.9;;;;23.5;;;;;27.2;;;27.7;27.9;27.6;28;28.3;27.8;27.5;27.7;27.6;27.1;27.2;26.8;27.1;27.1;27.4;;;;
Finlandia;FIN;Crecimiento del PIB (% anual);NY.GDP.MKTP.KD.ZG;;7.60467047924426;2.98194553610325;3.2850996357034;5.23868659789346;5.30285780228277;2.3728230152817;2.16882888287419;2.30328998355674;9.59328778480035;5.33390779168658;2.35692017119359;7.73548561321896;6.98382798580721;3.23653364926552;1.80489767623166;0.344382959207962;0.239510397818037;2.91970805376562;7.1219263892263;5.38904748806588;1.27159874198377;3.06861137172152;3.08187954599784;3.20379471260075;3.51623737151677;2.71762655424538;3.54411829682124;5.18197497170351;5.05280684393948;0.642744501314226;-5.9123879047787;-3.32116107225828;-0.68897382405973;3.93449839856275;4.21756148714339;3.66730879836739;6.33423494572361;5.45699878214707;4.37965389426891;5.7733657517467;2.60974744799636;1.7071017901843;2.00370159756996;3.99233774795964;2.77962108655099;4.02745076837643;5.29900538451864;0.784016800731706;-8.07461557422144;3.18591156873617;2.54753032080617;-1.3973545403055;-0.90201849396388;-0.364940286305156;0.560595415027535;2.62799844928989;3.05128111023743;1.67143888071415;;;
Finlandia;FIN;Gasto en investigación y desarrollo (% del PIB);GB.XPD.RSDV.GD.ZS;;;;;;;;;;;;;;;;;;;;;;;;;;;;;;;;;;;;;2.45311;2.62321;2.78655;3.05603;3.24569;3.19795;3.2574;3.30214;3.31494;3.32976;3.33762;3.34577;3.54708;3.74883;3.72598;3.63881;3.41948;3.28719;3.16931;2.89157;2.74264;2.7569;;;;
Francia;FRA;Índice de Gini;SI.POV.GINI;;;;;;;;;;;;;;;;;;;35.2;;;;;;36.9;;;;;32.2;;;;;32.3;;;;;;31.1;;;31.4;30.6;29.8;29.7;32.4;33;32.7;33.7;33.3;33.1;32.5;32.3;32.7;31.9;31.6;;;;
Francia;FRA;Crecimiento del PIB (% anual);NY.GDP.MKTP.KD.ZG;;4.9801118491384;6.84346998523586;6.23367995209179;6.65209950760072;4.86150769580638;5.25183704566086;4.92114891528463;4.49130888579006;7.10947534485236;6.10867981285152;5.31671587251364;4.51137408907431;6.34458067188865;4.30091904761063;-0.959884686823102;4.356758932559;3.4643119450146;3.97854375109866;3.54998914739832;1.57874527724138;1.0690198298218;2.50539658239308;1.24086490360438;1.51372157065492;1.62278135138969;2.337276389968;2.56190031118551;4.7431421792504;4.34386106392253;2.9239351370326;1.04817582672602;1.59934268998583;-0.62866637130098;2.35834220730796;2.10669523353155;1.41299368494035;2.33629649806078;3.58865943785973;3.42137381630556;3.92366920384049;1.98372140247594;1.13553148770353;0.823160777839419;2.82975292855139;1.66322000049641;2.44932360050809;2.42473623791508;0.254945945817809;-2.87331385206255;1.94943763326869;2.1927006520261;0.313134741678468;0.576326679441848;0.956183047683851;1.1129123405747;1.09546439462306;2.26020272081131;1.72488062714211;;;
Francia;FRA;Gasto en investigación y desarrollo (% del PIB);GB.XPD.RSDV.GD.ZS;;;;;;;;;;;;;;;;;;;;;;;;;;;;;;;;;;;;;2.2228;2.14699;2.09476;2.10767;2.09346;2.13804;2.17449;2.11994;2.09461;2.05151;2.05094;2.02451;2.06117;2.21207;2.17857;2.19161;2.22707;2.23703;2.27592;2.26703;2.24245;2.18547;;;;
Reino Unido;GBR;Índice de Gini;SI.POV.GINI;;;;;;;;;;33.7;;;;;30;;;;;28.4;;;;;;;31.9;;;;;35.9;;;36.1;36.3;;;;37;;;;;36;34.3;34.6;35.7;34.1;34.3;34.4;33.2;32.3;33.2;34;33.2;34.8;;;;;
Reino Unido;GBR;Crecimiento del PIB (% anual);NY.GDP.MKTP.KD.ZG;;2.67711894345372;1.1029096492187;4.8743839976478;5.53365938602349;2.14217654354569;1.57310041405223;2.78647464167507;5.44108343766115;1.92409683469894;2.71000543894044;3.48432252365643;4.30195016604596;6.50857706251466;-2.46339437002999;-1.48025588618023;2.9093019260592;2.4429105775488;4.20221879514202;3.74169292905238;-2.02801133588324;-0.771112367519422;2.01034367326783;4.22186555883744;2.27631613950297;4.19557590489306;3.14052454418893;5.30072011251248;5.7582497353917;2.56874767428347;0.73931885298893;-1.08789863350766;0.371025907382233;2.52634696734366;3.8949585284536;3.57160280544558;2.49153316331814;3.85482995208896;3.64485340470566;3.42822335047983;3.43747162195275;2.97436368031538;2.32435110202924;3.28637757120269;2.37395144077968;3.17972892405965;2.78832455947308;2.43055321242285;-0.281153589519334;-4.24782174662953;1.94952148180782;1.54014736820638;1.4789239471568;2.13948570108317;2.6074759063105;2.35552430595799;1.91815510596298;1.89207703836381;1.38567356958762;;;
Reino Unido;GBR;Gasto en investigación y desarrollo (% del PIB);GB.XPD.RSDV.GD.ZS;;;;;;;;;;;;;;;;;;;;;;;;;;;;;;;;;;;;;1.58684;1.5445;1.55911;1.64171;1.62649;1.61903;1.6254;1.5895;1.5423;1.5612;1.58285;1.62165;1.62307;1.6825;1.66063;1.66488;1.59382;1.63938;1.65915;1.66818;1.68211;1.66381;;;;
Grecia;GRC;Índice de Gini;SI.POV.GINI;;;;;;;;;;;;;;;;;;;;;;;;;;;;;;;;;;;;37;;;;;34.2;;;32.8;33.6;34.6;35.1;34;33.6;33.6;34.1;34.8;36.3;36.1;35.8;36;35;34.4;;;;
Grecia;GRC;Crecimiento del PIB (% anual);NY.GDP.MKTP.KD.ZG;;13.2038411934427;0.364810538216716;11.8448676740362;9.40967663829282;10.7680105057905;6.49450234707547;5.66948546671586;7.20371890047187;11.5636672907284;8.93058075921299;7.84117693362568;10.1601512031329;8.09237860179488;-6.43824054159336;6.3668086173942;6.85189802733133;2.94100169179148;7.24686333636429;3.28208019565952;0.67713108680006;-1.55372122575402;-1.13264755351396;-1.07862233482605;2.01058038462305;2.5095565350787;0.517660118748253;-2.25886349705429;4.28786164850648;3.79999999564986;0;3.09999998861477;0.70000000474235;-1.59999996232489;2.00000002461354;2.09971974391323;2.86212890949049;4.48419908217453;3.89490478020595;3.0725966881793;3.9197707576146;4.13161208119371;3.92287181307964;5.79453123883324;5.0609926100659;0.599142080317989;5.65243366900454;3.27374690375697;-0.335172576683306;-4.3007336610621;-5.47903710212778;-9.13249412984462;-7.30049396069786;-3.24142505601294;0.739777138557756;-0.43783393784453;-0.190952295750137;1.50509933940322;1.93437082746027;;;
Grecia;GRC;Gasto en investigación y desarrollo (% del PIB);GB.XPD.RSDV.GD.ZS;;;;;;;;;;;;;;;;;;;;;;;;;;;;;;;;;;;;;;0.4291;;0.56823;;0.55948;;0.54654;0.5273;0.57896;0.56118;0.57655;0.66183;0.62557;0.59838;0.67196;0.69957;0.81131;0.8333;0.96121;0.99394;1.12808;;;;
Hungría;HUN;Índice de Gini;SI.POV.GINI;;;;;;;;;;;;;;;;;;;;;;;;;;;;21;;25;;29.6;;27.9;33.3;;;;;30.2;;;;;29.9;34.7;28.3;27.9;27.5;27;29.4;29.2;30.8;31.5;30.9;30.4;30.3;30.6;;;;
Hungría;HUN;Crecimiento del PIB (% anual);NY.GDP.MKTP.KD.ZG;;;;;;;;;;;;;;;;;;;;;;;;;;;;;;;;;-3.06418034540683;-0.576108517193219;2.9471545567159;1.48952547556762;0.0824161431682882;3.14312413151492;3.90000249761719;3.07102745735135;4.47919168521658;4.0740933177557;4.74127886503648;4.08452680548714;4.822851425339;4.24362576820351;4.03101332134004;0.242177777126912;1.05829166884854;-6.69955472735322;0.664291824848817;1.81907995776281;-1.47178885108306;1.96298404862907;4.1950824094781;3.84555770632589;2.19999876125495;4.32280900057566;5.09400256449817;;;
Hungría;HUN;Gasto en investigación y desarrollo (% del PIB);GB.XPD.RSDV.GD.ZS;;;;;;;;;;;;;;;;;;;;;;;;;;;;;;;;;;;;;0.63025;0.69905;0.65625;0.67053;0.78942;0.91189;0.98198;0.91841;0.86035;0.92094;0.98097;0.95674;0.9796;1.13212;1.13945;1.18897;1.26362;1.38884;1.35373;1.36245;1.20423;1.3486;;;;
Irlanda;IRL;Índice de Gini;SI.POV.GINI;;;;;;;;;;;;;;;;;;;;;;;;;;;;35.5;;;;;;;36.9;37;35.6;;;;33;;;32.9;33.6;33.8;32.7;31.9;30.9;32.7;32.3;32.9;33.2;33.5;31.9;31.8;32.8;;;;;
Irlanda;IRL;Crecimiento del PIB (% anual);NY.GDP.MKTP.KD.ZG;;;;;;;;;;;;3.46988788717519;6.48980842803041;4.721428204932;4.26022948335094;5.65664556451438;1.39480790582883;8.21130045744948;7.18672847234525;3.07303633928771;3.07932923299536;3.325215695057;2.28346851428232;-0.244301151426072;4.35437247155261;3.0856150352204;-0.428330532587168;4.66309110600002;5.21741406920637;5.81391956325106;8.466527956566;1.92963954924177;3.34327431559245;2.69260920066976;5.75582691819758;9.63442233850276;7.41422940163349;10.9037299753492;8.69134388802115;10.503559576579;9.44575060214976;5.27843134099287;5.91981605076339;3.01996904777685;6.72135332088108;5.70008923676049;5.07090103688741;5.32426724046353;-4.48038333458845;-5.07921267285931;1.80997974398586;0.343440795398124;0.225714843002336;1.35163400394072;8.55668798513403;25.1625330527198;3.67781581095514;8.14529615601917;8.16987093310331;;;
Irlanda;IRL;Gasto en investigación y desarrollo (% del PIB);GB.XPD.RSDV.GD.ZS;;;;;;;;;;;;;;;;;;;;;;;;;;;;;;;;;;;;;1.27006;1.24317;1.20958;1.15338;1.08497;1.05306;1.05605;1.12451;1.17866;1.19281;1.19836;1.23325;1.38766;1.6082;1.59153;1.56058;1.56119;1.5658;1.49955;1.19201;1.16892;1.04038;;;;
Islandia;ISL;Índice de Gini;SI.POV.GINI;;;;;;;;;;;;;;;;;;;;;;;;;;;;;;;;;;;;;;;;;;;;26.8;28;29;30.2;29.5;31.8;28.7;26.2;26.8;26.8;25.4;27.8;26.8;;;;;;
Islandia;ISL;Crecimiento del PIB (% anual);NY.GDP.MKTP.KD.ZG;;-0.0846619462922718;8.31371274423529;10.2833828720506;9.91654401443;7.37172929870715;8.73593347606989;-1.26726186273838;-5.47490634604691;2.37458802719068;12.7532970703039;13.0608376319377;6.17733444453231;6.80600973832763;5.70629213666349;0.646155063867909;5.95936751563781;8.82227725008342;6.01671460055637;4.86058238339812;5.74792071041333;4.26500710390928;2.15456624627033;-2.15116170746109;4.12911823556156;3.29284138040124;6.27054195914147;8.54593975209229;-0.0897260292344697;0.258439850879128;1.16937033786417;-0.223525514632513;-3.37389414128371;1.31344946309943;3.60885793247292;0.116583709779718;4.57316375769254;3.58893900693489;7.0955601041258;4.04305193586909;4.89159350462769;3.8988107358616;0.681172794728482;2.26813727251749;8.04220529631839;6.33000431222727;5.24882011712438;9.36532311561291;1.99198080534548;-6.77721505166114;-3.43587807775975;1.88161948659334;1.29643609141159;4.13385110139113;2.08028719611639;4.46786050649379;7.35147530838725;4.60378137462914;4.61147602956513;;;
Islandia;ISL;Gasto en investigación y desarrollo (% del PIB);GB.XPD.RSDV.GD.ZS;;;;;;;;;;;;;;;;;;;;;;;;;;;;;;;;;;;;;;1.7954;1.9532;2.23767;2.5783;2.8501;2.82841;2.70912;;2.68614;2.8939;2.54913;2.48745;2.59511;;2.41367;;1.70204;1.94811;2.12004;2.03413;2.12724;;;;
Israel;ISR;Índice de Gini;SI.POV.GINI;;;;;;;;;;;;;;;;;;;;36.3;;;;;;;36.5;;;;;;35.5;;;;;38.1;;;;38.9;;;;41.8;;41.1;;;42.5;;41.3;;39.8;;39;;;;;
Israel;ISR;Crecimiento del PIB (% anual);NY.GDP.MKTP.KD.ZG;;11.2038856174685;10.1561171576566;10.6957129751426;7.93719197503013;9.09396559916497;-0.0796447724232223;2.99502016577178;16.2419568132625;13.5657035064126;3.04405865901758;10.9510709502257;12.1465546445283;5.58746379267339;6.47616131759081;3.24281952748575;0.322503186280599;1.03529918585319;5.55508721869566;6.20781571249209;1.67044166063044;5.33992695684324;2.0824999678245;3.35910154527146;0.933213730344562;4.03694028908383;4.1901445864805;7.1397113698733;2.9100162043601;0.574746832416537;7.315199174933;7.72611516239357;7.75926609936013;4.11675639386306;7.42784526908483;6.60292483638582;5.03281699632532;3.9296726769599;3.91689355477342;3.11459706778045;7.45518207977373;0.118821461013411;-0.0148606388066952;0.970458595661455;4.18588231834032;3.91169333203911;5.56443510658072;5.77348255543507;2.99648306061574;0.924262605450494;5.60113767079041;4.7834974887954;2.25723754794416;4.14805455171508;3.75820019030697;2.2900921230342;3.98204637527108;3.53670318805928;3.45370251802824;;;
Israel;ISR;Gasto en investigación y desarrollo (% del PIB);GB.XPD.RSDV.GD.ZS;;;;;;;;;;;;;;;;;;;;;;;;;;;;;;;;;;;;;2.59385;2.80908;2.92076;3.33293;3.93624;4.18772;4.13345;3.89787;3.87732;4.05153;4.14236;4.42769;4.34517;4.13326;3.93984;4.01151;4.15735;4.0748;4.17584;4.25563;4.39314;4.54474;;;;
Italia;ITA;Índice de Gini;SI.POV.GINI;;;;;;;;;;;;;;;;;;;;;;;;;;;32.5;34.5;;32.6;;31.5;;35.5;;35.2;;;36.7;;35.3;;;34.9;34.3;33.8;33.7;32.9;33.8;33.8;34.7;35.1;35.2;34.9;34.7;35.4;35.2;35.9;;;;
Italia;ITA;Crecimiento del PIB (% anual);NY.GDP.MKTP.KD.ZG;;8.20724591384771;6.20365045787146;5.60972797819814;2.79770227911507;3.26802371964163;5.98479422519729;7.17861246556171;6.54455465470546;6.09805999558601;5.26869296541965;1.81810798630654;3.69048574616551;7.12586229460925;5.50014113861917;-2.090162915588;7.12538514913332;2.56050080289685;3.24013979399651;5.95915944602913;3.43001638579285;0.844227625365292;0.413585658811044;1.16920350376;3.22585237748424;2.79808572336518;2.85997188873959;3.19196061964053;4.19437726778631;3.38838351487503;1.98577489860918;1.53844755787564;0.834275460621242;-0.85280574993206;2.15102364473378;2.88683673806503;1.26678480191715;1.83021223388438;1.81061516197623;1.6257275993546;3.78695514323979;1.95137155605238;0.253942998968455;0.138626890776507;1.42359415817907;0.817848973650598;1.79063968081796;1.48707298036786;-0.962012840579291;-5.2809372082931;1.71329583916922;0.707333347034435;-2.98090576823772;-1.84106545088248;-0.00454754236383792;0.778304350716581;1.27967112794536;1.71616738086655;0.77434001307563;;;
Italia;ITA;Gasto en investigación y desarrollo (% del PIB);GB.XPD.RSDV.GD.ZS;;;;;;;;;;;;;;;;;;;;;;;;;;;;;;;;;;;;;0.94843;0.98994;1.00784;0.98337;1.00546;1.04491;1.08482;1.06198;1.05312;1.04709;1.08696;1.1327;1.16367;1.22126;1.22311;1.20984;1.27087;1.30768;1.34301;1.34115;1.37124;1.35206;;;;
Japón;JPN;Índice de Gini;SI.POV.GINI;;;;;;;;;;;;;;;;;;;;;;;;;;;;;;;;;;;;;;;;;;;;;;;;;34.8;;32.1;;;32.9;;;;;;;;
Japón;JPN;Crecimiento del PIB (% anual);NY.GDP.MKTP.KD.ZG;;12.0435364080116;8.90897299558067;8.47364238279391;11.6767081963977;5.81970787298265;10.6385615591629;11.0821423246929;12.8824681383234;12.4778945144976;0.399050644836535;4.69899204223367;8.41354725524519;8.03259997464167;-1.22523982754012;3.09157591621805;3.97498409101746;4.39033795024311;5.27194150294601;5.48404183245223;2.81759120758123;4.209336465291;3.31245673720863;3.52304498514673;4.50199481615527;5.23338094683929;3.32652561629578;4.73066586036906;6.78502010949815;4.85803768630618;4.89271306575883;3.4174967617614;0.848069581292606;-0.517919847232037;0.993066363300827;2.74214032208901;3.0999992907731;1.07604523419364;-1.12840982885864;-0.251954272087815;2.77963282527575;0.406335903186886;0.117992776763344;1.52822014815892;2.20468788231713;1.662670405184;1.42000655604446;1.65418388116969;-1.09354060040749;-5.41641279673664;4.19173925858955;-0.115421339717841;1.49508958594926;2.0002678411015;0.374719476331322;1.22292104108077;0.609093181244134;1.92875725125687;0.788455875670337;;;
Japón;JPN;Gasto en investigación y desarrollo (% del PIB);GB.XPD.RSDV.GD.ZS;;;;;;;;;;;;;;;;;;;;;;;;;;;;;;;;;;;;;2.69206;2.76968;2.87363;2.89283;2.90569;2.97183;3.01394;3.04295;3.02952;3.18099;3.27844;3.3396;3.33718;3.2314;3.13708;3.24477;3.20908;3.31496;3.40022;3.28165;3.15522;3.21254;;;;
Corea, República de;KOR;Índice de Gini;SI.POV.GINI;;;;;;;;;;;;;;;;;;;;;;;;;;;;;;;;;;;;;;;;;;;;;;;31.7;;32.3;;32;;31.6;;;;;;;;;
Corea, República de;KOR;Crecimiento del PIB (% anual);NY.GDP.MKTP.KD.ZG;;6.88225599707013;3.83906360290842;9.19035393966593;9.45943903994295;7.18363988757531;11.9835040711767;9.11696443153249;13.1885390008727;14.5413707753423;9.99731713860639;10.4546932742055;7.1507147770554;14.8275543365582;9.46087346200031;7.86351165640026;13.1151588404152;12.2776612241175;10.7744913710061;8.62563238878273;-1.70127653007586;7.18051083923589;8.26502126461675;13.2420634291482;10.4429111120963;7.74964599933827;11.2240864216026;12.4672660529885;11.9047186107828;7.02971001581201;9.81122968350864;10.3539513551382;6.17550568651626;6.84674391703214;9.20614151501316;9.57060413215936;7.5945090893005;5.92218546449831;-5.4712192582852;11.3086214936258;8.92442603420267;4.52530676360105;7.43243361369808;2.93321790185936;4.89984045045715;3.92367739233066;5.17615381826533;5.46339639319318;2.8292231734122;0.70750994641844;6.49679358555511;3.68168856910729;2.29239784625679;2.89620493507104;3.34144776129996;2.79023616714657;2.9293047947001;3.06276846243263;2.66831140171185;;;
Corea, República de;KOR;Gasto en investigación y desarrollo (% del PIB);GB.XPD.RSDV.GD.ZS;;;;;;;;;;;;;;;;;;;;;;;;;;;;;;;;;;;;;2.26089;2.2977;2.16151;2.06662;2.18023;2.34108;2.27382;2.3515;2.53248;2.62617;2.83066;3.00035;3.12343;3.29324;3.46594;3.74361;4.02554;4.14853;4.28874;4.21702;4.22744;4.55324;;;;
Lituania;LTU;Índice de Gini;SI.POV.GINI;;;;;;;;;;;;;;;;;;;;;;;;;;;;;;;;;;33.6;;;;;;;;;;;37;35.3;34.4;34.8;35.7;37.2;33.6;32.5;35.1;35.3;37.7;37.4;38.4;37.3;;;;
Lituania;LTU;Crecimiento del PIB (% anual);NY.GDP.MKTP.KD.ZG;;;;;;;;;;;;;;;;;;;;;;;;;;;;;;;;;;;;;5.14995887392269;8.29322887026818;7.46717552410661;-1.13464274466837;3.83166729800301;6.52443068616948;6.76074951965822;10.5385649542543;6.55008306073013;7.72740790166723;7.40644421277685;11.086954275977;2.62807796119264;-14.8141631583267;1.48223244137165;6.02563809108096;3.8333027642867;3.55842463134766;3.50797121712733;2.03314807367339;2.55593956708222;4.24757675412258;3.64475653175535;;;
Lituania;LTU;Gasto en investigación y desarrollo (% del PIB);GB.XPD.RSDV.GD.ZS;;;;;;;;;;;;;;;;;;;;;;;;;;;;;;;;;;;;;0.49155;0.53658;0.54377;502;0.5848;0.66679;0.6567;0.66339;0.75066;0.74741;0.79119;0.80093;0.78844;0.82967;0.78348;0.9039;0.89469;0.95088;1.03048;1.04095;0.84329;0.88544;;;;
Luxemburgo;LUX;Índice de Gini;SI.POV.GINI;;;;;;;;;;;;;;;;;;;;;;;;;;26.7;;;;;;26.8;;;26.9;;;30.2;;;30.4;;;30.2;30.2;30.8;30.9;31.1;32.6;31.2;30.5;32.1;34.3;32;31.2;33.8;33;34.9;;;;
Luxemburgo;LUX;Crecimiento del PIB (% anual);NY.GDP.MKTP.KD.ZG;;3.8299831217405;1.35867767094877;3.43910854038498;7.86582881901587;-0.734933604480986;1.10590411235907;0.216730811573271;4.18387242679029;9.97285794333051;4.50704070671839;2.66723623710365;6.59819261283768;8.3126773457769;4.2124673065868;-6.57137064667627;2.53433172371319;1.56977627327484;4.07497175948708;2.34560848472411;0.840882921905546;-0.550950090520004;1.13129633334053;2.98907749390595;6.18693884371689;2.79170649817242;9.98393458015228;3.95097787379856;8.46328296539716;9.79806158649727;5.31993177546022;8.64419057624002;1.81965281811752;4.2006480382002;3.82092114294026;1.43220018020473;1.38842848201479;5.70971703699894;6.04465155848581;8.48100266522123;8.23979914359427;2.53197513706755;3.81946965759437;1.6292869549314;3.61217676997076;3.17244278079178;5.17848586333136;8.35455327716321;-1.27958558128132;-4.35860695207019;4.8649684924216;2.53923488261137;-0.352519229052419;3.65437025918655;4.29678634989637;4.30643253786916;4.57460028278058;1.80118170327937;3.11083626560442;;;
Luxemburgo;LUX;Gasto en investigación y desarrollo (% del PIB);GB.XPD.RSDV.GD.ZS;;;;;;;;;;;;;;;;;;;;;;;;;;;;;;;;;;;;;;;;;1.57673;;;1.62595;1.60262;1.57171;1.66674;1.59123;1.62293;1.6775;1.50257;1.46277;1.27267;1.30266;1.26404;1.28405;1.29524;1.25607;;;;
Letonia;LVA;Índice de Gini;SI.POV.GINI;;;;;;;;;;;;;;;;;;;;;;;;;;;;;;;;;;27;;31;31.6;;;;;;;;36.4;39;35.6;37.5;37.2;36;35;35.8;35.2;35.5;35.1;34.2;34.3;35.6;;;;
Letonia;LVA;Crecimiento del PIB (% anual);NY.GDP.MKTP.KD.ZG;;;;;;;;;;;;;;;;;;;;;;;;;;;;;;;;;;;;-1.79878843412742;2.54605589085453;8.93924849630017;6.36516388666254;2.82779355129171;5.59519819700228;6.31906192198825;7.11596707207414;8.43638384632277;8.34135916023317;10.7433819978121;11.8880966890021;10.010851453342;-3.34636707932168;-14.2381467273088;-4.47344119778778;6.28511861493423;4.13423164998356;2.32800426344402;1.91519037794332;3.26052438137853;1.77380957693411;3.78731375779996;4.62077695023;;;
Letonia;LVA;Gasto en investigación y desarrollo (% del PIB);GB.XPD.RSDV.GD.ZS;;;;;;;;;;;;;;;;;;;;;;;;;;;;;;;;;;;;;0.39723;0.3664;0.37876;0.35186;0.43598;0.40321;0.40888;0.36002;0.40013;0.52959;0.65063;0.55379;0.58139;0.45271;0.61078;0.69662;0.66424;0.6122;0.6893;0.62623;0.44094;0.51012;;;;
México;MEX;Índice de Gini;SI.POV.GINI;;;;;;;;;;;;;;;;;;;;;;;;;;;;;;54.3;;;53.7;;54.3;;54.8;;53.4;;52.6;;50.1;;50;50.1;48.9;;49.9;;47.2;;48.7;;48.7;;46.3;;45.4;;;
México;MEX;Crecimiento del PIB (% anual);NY.GDP.MKTP.KD.ZG;;5.0000000024334;4.66441466819312;8.10688692769648;11.9054807682312;7.09999999585864;6.09613930404728;5.85492487760943;9.42327881833562;3.41862002555953;6.5024840333226;3.76246768583204;8.22880731164975;7.86111986077987;5.77682722978703;5.74448504962173;4.4174441350436;3.39063970677674;8.95694232825602;9.69817013786907;9.23325198388645;8.52560666281634;-0.520808041863248;-3.48642180362442;3.41081413532642;2.18769311647023;-3.07895537526313;1.72243931164817;1.28326099740492;4.10550933059433;5.17576838619527;4.21475483867759;3.54110241594962;1.94115584773009;4.94108067568743;-6.29123082110115;6.77325869445045;6.8468522786243;5.16392516795146;2.75355424748236;4.94245371467422;-0.404390126692846;-0.0398444814685348;1.44638268370363;3.92059081028791;2.30780706591736;4.49507789421408;2.29144571429802;1.14358458719398;-5.28574413681748;5.11811814321162;3.66300792950094;3.64232267941347;1.35409196151679;2.80434012838097;3.28799159933094;2.91054645900421;2.11808234719885;2.13595812119722;;;
México;MEX;Gasto en investigación y desarrollo (% del PIB);GB.XPD.RSDV.GD.ZS;;;;;;;;;;;;;;;;;;;;;;;;;;;;;;;;;;;;;0.25067;0.2762;0.30196;0.3441;0.30613;0.32418;0.36667;0.38038;0.38816;0.39844;0.36922;0.42606;0.47073;0.51677;0.53299;0.51144;0.48684;0.49855;0.53037;0.52377;0.48609;;;;;
Países Bajos;NLD;Índice de Gini;SI.POV.GINI;;;;;;;;;;;;;;;;;;;;;;;;28.4;;;;26.8;;;31.1;;;30.4;;;;;;28.1;;;;;29.8;29;30;29.6;29.3;27.9;27.8;27.8;27.6;28.1;28.6;28.2;28.2;28.5;;;;
Países Bajos;NLD;Crecimiento del PIB (% anual);NY.GDP.MKTP.KD.ZG;;0.295546672716611;6.84350732102872;3.62462153047358;8.27490393060459;8.6430949357501;2.74110433455463;5.28001474697683;6.41613403990091;6.42944907759089;6.14018152130686;4.31698037027313;3.53387448982305;5.44422313436603;3.43871785711072;0.00202872702421075;4.45630958548944;2.52044044349292;2.69624677256159;2.01416619198946;1.34191419704234;-0.783611618195607;-1.24075677144288;2.06995807189523;3.06167903076083;2.58017980084426;2.78697587833909;1.93124851865414;3.44121888998752;4.42011802699638;4.18322280820233;2.43913450551463;1.70607089680321;1.25755220334295;2.96109243145828;3.11603596574939;3.49874220875684;4.32905332220884;4.6639172230081;5.03404811507453;4.19564248218455;2.32695510581596;0.217273561401441;0.155646066071881;1.98494569579117;2.05087607391015;3.46098900132874;3.77284251780152;2.17032478968935;-3.666884024935;1.34273944410323;1.5511892518082;-1.03035400660274;-0.130175228639018;1.42339540987437;1.95916969092505;2.19171371926123;2.91090258405885;2.59745361827454;;;
Países Bajos;NLD;Gasto en investigación y desarrollo (% del PIB);GB.XPD.RSDV.GD.ZS;;;;;;;;;;;;;;;;;;;;;;;;;;;;;;;;;;;;;1.84093;1.84477;1.74206;1.82282;1.7898;1.79609;1.74543;1.7839;1.78901;1.77388;1.74067;1.6703;1.62269;1.6657;1.70404;1.88131;1.91627;1.92987;1.97568;1.98487;1.99685;1.98816;;;;
Noruega;NOR;Índice de Gini;SI.POV.GINI;;;;;;;;;;;;;;;;;;;;26.9;;;;;;;24.6;;;;;25.2;;;;26;;;;;27.4;;;27.6;31.6;30.6;26.4;27.1;27;26.2;25.7;25.3;25.7;26.4;26.8;27.5;28.5;27;;;;
Noruega;NOR;Crecimiento del PIB (% anual);NY.GDP.MKTP.KD.ZG;;6.27333551040729;2.81394513844542;3.78504308366053;5.0096509866239;5.28560880055218;3.78651325489734;6.25607900635556;2.25987552819262;4.50461145559137;1.94330050548346;5.67240747526567;5.33062591594195;4.53291884569511;3.92301020197432;4.95214778544401;5.8253934592605;4.16074732242862;3.86940625072467;4.37245992731722;4.56464835641921;1.59827436373983;0.235354478446709;3.97280881355124;6.05240316534181;5.55335896373643;4.04225262081309;1.75340078899657;-0.255347257779377;1.03828996935131;1.93241982650521;3.08472139526602;3.57439553891901;2.84532436675762;5.05542738771337;4.15549133419204;5.02794717187143;5.28459298480296;2.62442622196583;2.01286328876013;3.20497922225218;2.07479039388386;1.44625413960414;0.910105664307537;3.96941456013641;2.62545762627546;2.39979082117745;2.99425185125679;0.476379999491613;-1.72702030948713;0.701833823862358;0.981469497299358;2.70307385484266;1.03407291353631;1.9695443007939;1.96712843821408;1.07155897720727;2.3232584068849;1.28954820126177;;;
Noruega;NOR;Gasto en investigación y desarrollo (% del PIB);GB.XPD.RSDV.GD.ZS;;;;;;;;;;;;;;;;;;;;;;;;;;;;;;;;;;;;;;1.59352;;1.60533;;1.56231;1.63058;1.68036;1.54506;1.48317;1.45598;1.56401;1.55346;1.72279;1.64855;1.62534;1.61858;1.65004;1.71187;1.93095;2.03074;2.10968;;;;
Nueva Zelandia;NZL;Índice de Gini;SI.POV.GINI;;;;;;;;;;;;;;;;;;;;;;;;;;;;;;;;;;;;;;;;;;;;;;;;;;;;;;;;;;;;;;
Nueva Zelandia;NZL;Crecimiento del PIB (% anual);NY.GDP.MKTP.KD.ZG;;;;;;;;;;;;3.78545823631424;5.11910787339053;7.80027859021415;5.99344001582789;-1.73168287062549;0.928812214876089;-3.93633786970943;0.317192782853056;2.19232292255083;1.28414566236785;4.65595687181002;0.929772181720452;3.49067668114438;4.79363710445423;1.61491845450274;2.34809414678577;0.970943407244903;-0.354276133381688;0.161283078303029;0.153016817445177;-1.09079932929509;1.0947463312235;6.39163536172921;5.11839951439271;4.72222658538813;3.62108331361432;2.04372934626799;0.791937180158712;5.45587828856125;2.90332374737197;3.46937571710772;4.68031972024605;4.56309681436264;4.03388787023935;3.32140294488967;2.84398231059704;3.01311168967995;-1.00889396594292;-0.213698243240074;1.53924561639442;2.33420027323679;2.22596550352765;2.57538598834562;3.71553307085391;3.5847045137384;3.64579897840322;3.12846078945779;2.77357101506234;;;
Nueva Zelandia;NZL;Gasto en investigación y desarrollo (% del PIB);GB.XPD.RSDV.GD.ZS;;;;;;;;;;;;;;;;;;;;;;;;;;;;;;;;;;;;;;1.05649;;0.96387;;1.10029;;1.14891;;1.12043;;1.15657;;1.2525;;1231;;1.15412;;1.23292;;;;;;
Polonia;POL;Índice de Gini;SI.POV.GINI;;;;;;;;;;;;;;;;;;;;;;;;;;25.2;28;25.5;;26.9;;;29.3;;;34.6;;;;32.1;;;;;38;35.8;34.7;34;33.5;33.4;33.2;33.2;33;33.1;32.8;31.8;31.2;29.7;;;;
Polonia;POL;Crecimiento del PIB (% anual);NY.GDP.MKTP.KD.ZG;;;;;;;;;;;;;;;;;;;;;;;;;;;;;;;;-7.01557880092621;2.51497862056375;3.73831030894385;5.29280206076463;6.95185662108879;6.05657675176391;6.45935385400638;4.61478486021005;4.64203359136623;4.55931252072898;1.24796411556707;2.04161758932078;3.56245614829234;5.13563617255997;3.49366763702947;6.17964134606568;7.03482830117142;4.24960850275163;2.82025975902158;3.60692826143993;5.017235199938;1.60790664456468;1.39189232124922;3.31844753700079;3.83907133877577;3.06390811613761;4.93766324502775;5.14801848357114;;;
Polonia;POL;Gasto en investigación y desarrollo (% del PIB);GB.XPD.RSDV.GD.ZS;;;;;;;;;;;;;;;;;;;;;;;;;;;;;;;;;;;;;0.64036;0.64412;0.66083;0.6818;0.64202;0.62284;0.55785;0.53884;0.55251;0.56281;0.55082;0.56189;0.59921;0.66097;0.7207;0.74588;0.88086;0.87053;0.93978;1.00325;0.9641;1.03445;;;;
Portugal;PRT;Índice de Gini;SI.POV.GINI;;;;;;;;;;;;;;;;;;;;;;;;;;;;;;;;;;;;;;;;;;;;38.7;38.9;38.5;38.1;36.8;36.6;34.9;35.8;36.3;36;36.2;35.6;35.5;35.2;33.8;;;;
Portugal;PRT;Crecimiento del PIB (% anual);NY.GDP.MKTP.KD.ZG;;5.53490347567502;6.61444776877377;5.87370211616296;6.31074738257507;7.46898852994373;4.0779094339812;7.54448252894966;8.8755092337672;2.12074116169632;12.612605273951;6.63165234314131;8.01569623382214;11.2006711738653;1.14286037882911;-4.34763106036493;6.90023098981125;5.602597312963;2.81596603354386;5.63893736508396;4.58934016858188;1.61810348533464;2.13537530636991;-0.173113144882095;-1.87997950244245;2.80743959767125;4.14095558339183;6.3813939542315;7.48910804433758;6.44063885639297;3.95052335579126;4.36820647933141;1.08947648536744;-2.04327704349365;0.964838228354807;4.28278040832582;3.5042473691652;4.40086796887758;4.80796343287557;3.90657649724329;3.81617784569175;1.94367248245287;0.770924141180245;-0.93052114093544;1.78873574499863;0.78184755398037;1.62503441216619;2.50657998891496;0.319247504423984;-3.12207907853588;1.73762581004311;-1.69616574359263;-4.0572938167393;-0.922644347672758;0.792191109277567;1.79204627618559;2.01948511739198;3.50634545800293;2.44126692937017;;;
Portugal;PRT;Gasto en investigación y desarrollo (% del PIB);GB.XPD.RSDV.GD.ZS;;;;;;;;;;;;;;;;;;;;;;;;;;;;;;;;;;;;;0.5495;0.5636;0.62468;681;0.72127;0.76452;0.72144;0.69759;0.72871;0.75707;0.95455;1.12427;1.4452;1.57973;1.53257;1.45683;1.37777;1.32641;1.28973;1.24263;1.28081;1.31682;;;;
República Eslovaca;SVK;Índice de Gini;SI.POV.GINI;;;;;;;;;;;;;;;;;;;;;;;;;;;;;;;;;20.2;;;;26.3;;;;;;;;27.1;29.3;25.8;24.7;26;27.2;27.3;26.5;26.1;28.1;26.1;26.5;25.2;;;;;
República Eslovaca;SVK;Crecimiento del PIB (% anual);NY.GDP.MKTP.KD.ZG;;;;;;;;;;;;;;;;;;;;;;;;;;;;;;;;;;1.90132730408163;6.2055302283329;5.84349533859489;6.61989553483538;5.92583679919336;4.07609971533984;-0.105916496078038;1.16652715796093;3.2537868430469;4.50944153271871;5.49908387750746;5.27888034834336;6.62346160878337;8.49317694925051;10.8320279014178;5.57488636038981;-5.45553223748067;5.7208447993039;2.86444294782228;1.89581081230277;0.670844582231595;2.75243433140047;4.82191850602997;2.12346322067106;3.0407283401378;4.03370304338463;;;
República Eslovaca;SVK;Gasto en investigación y desarrollo (% del PIB);GB.XPD.RSDV.GD.ZS;;;;;;;;;;;;;;;;;;;;;;;;;;;;;;;;;;;;;0.89292;1.05283;0.76611;0.64556;0.63927;0.62565;0.56389;0.56247;0.50149;0.49401;0.47563;0.44824;0.46204;0.47326;0.61614;0.66326;0.80495;0.82362;0.88008;1.17171;0.78895;0.88267;;;;
Eslovenia;SVN;Índice de Gini;SI.POV.GINI;;;;;;;;;;;;;;;;;;;;;;;;;;;;23.6;;;;;;29.2;;;;24.1;;24;;;;;24.8;24.6;24.4;24.4;23.7;24.8;24.9;24.9;25.6;26.2;25.7;25.4;24.8;24.2;;;;
Eslovenia;SVN;Crecimiento del PIB (% anual);NY.GDP.MKTP.KD.ZG;;;;;;;;;;;;;;;;;;;;;;;;;;;;;;;;-8.9001071506368;-5.46369909654157;2.84341791972646;5.32748770741991;4.10716055982748;3.20300197482031;5.04979437330448;3.27936819336514;5.33266686692517;3.67236899158758;3.21656104359991;3.50559938805222;2.96026024772419;4.35919303625849;3.79797049059447;5.74639693377593;6.98016242822632;3.50984122639673;-7.54843872032357;1.34374847578032;0.861329048743073;-2.63943872926306;-1.02928383130694;2.76815801959029;2.2100816239482;3.1216997819147;4.83338291255969;4.11821785906514;;;
Eslovenia;SVN;Gasto en investigación y desarrollo (% del PIB);GB.XPD.RSDV.GD.ZS;;;;;;;;;;;;;;;;;;;;;;;;;;;;;;;;;;;;;1.26633;1.24727;1.30637;1.33814;1.3563;1.46773;1.43874;1.24528;1.36806;1.41229;1.53291;1.42382;1.62564;1.81629;2.05763;2.42358;2.57319;2.5801;2.36743;2.19504;2.01191;1.86311;;;;
Suecia;SWE;Índice de Gini;SI.POV.GINI;;;;;;;;34;;;;;;;;24.3;;;;;;22.9;;;;;;23.1;;;;;24.9;;;25.2;;;;;27.2;;;25.3;26.1;26.8;26.4;27.1;28.1;27.3;27.7;27.6;27.6;28.8;28.4;29.2;29.6;28.8;;;;
Suecia;SWE;Crecimiento del PIB (% anual);NY.GDP.MKTP.KD.ZG;;5.68129280956549;4.25904722832698;5.32793378828826;6.82116450044803;3.82150758550968;2.09084428949741;3.3653885828444;3.63850566422768;5.00907521487679;6.47367391804463;0.944646245300618;2.28873879757441;3.96798112545744;3.19819562821957;2.55286267634365;1.05810486712046;-1.59625858309711;1.75154803863033;3.84000351719843;1.69997141758054;0.454830446382502;1.2486646768229;1.90063868789471;4.22953524519751;2.16037374235721;2.69132318865005;3.35384297295714;2.55903870199153;2.65480691312669;0.754674752946087;-1.14597486235253;-1.15859273855172;-2.06561638479168;3.97201526072087;3.99842866262226;1.61487823246848;3.0991292807292;4.26101878121558;4.31122963894461;4.87452535812835;1.46791759153095;2.19605929752751;2.24460649157807;4.32613127687604;2.89589356234529;4.60248861027249;3.4308839076115;-0.242293278297552;-4.2364205140448;6.18902943465953;3.05232352945791;-0.630974367300553;1.08783120005064;2.74728771601418;4.4207996393632;2.41303814097833;2.4118514527697;2.22523861239767;;;
Suecia;SWE;Gasto en investigación y desarrollo (% del PIB);GB.XPD.RSDV.GD.ZS;;;;;;;;;;;;;;;;;;;;;;;;;;;;;;;;;;;;;;3.31489;;3.41742;;3.90785;;3.60977;3.38737;3.38312;3.49609;3.25273;3.49104;3.44598;3.21262;3.24522;3.27772;3.30252;3.14261;3.26418;3.26923;3.32707;;;;
Turquía;TUR;Índice de Gini;SI.POV.GINI;;;;;;;;;;;;;;;;;;;;;;;;;;;;43.5;;;;;;;41.3;;;;;;;;41.4;42.2;41.3;42.6;39.6;38.4;39;39;38.8;40;40.2;40.2;41.2;42.9;41.9;41.4;41.9;;;
Turquía;TUR;Crecimiento del PIB (% anual);NY.GDP.MKTP.KD.ZG;;1.15606938539699;5.57142858180481;9.06630555240878;5.45905679838098;2.82352954343834;11.2128150353514;4.7325102439374;6.77799601038119;4.0811456208947;3.2335089729326;5.56669450058789;7.42578832564243;3.26233451840511;5.59447440269336;7.17411268977106;10.4611795563238;3.40666980449156;1.50293301122329;-0.624113570222889;-2.44735042580156;4.85664876652041;3.56322781218348;4.97108077727097;6.71201571206011;4.24133571639942;7.01203111054399;9.48553884246732;2.3207367939484;0.2902440687796;9.26614667149322;0.720279035610076;5.03563493896803;7.65126520301509;-4.66814736394838;7.87826687618991;7.37966447375686;7.57766364407608;2.30821346784387;-3.38930488715667;6.64006112058992;-5.96231075475011;6.43027863623553;5.6082550951065;9.64432258495253;9.00985330729189;7.10970342674806;5.03045759016206;0.845251453627569;-4.7044659104898;8.48737213928641;11.1134955725645;4.78994028093341;8.49130929868669;5.16669071840813;6.08588661619443;3.18383154709569;7.47086688604676;2.82677612033162;;;
Turquía;TUR;Gasto en investigación y desarrollo (% del PIB);GB.XPD.RSDV.GD.ZS;;;;;;;;;;;;;;;;;;;;;;;;;;;;;;;;;;;;;0.45159;0.49169;0.36224;0.45646;0.46783;0.52638;0.51294;0.46945;0.50215;0.56931;0.55749;0.69182;0.69292;0.8094;0.79892;0.79988;0.83217;0.81821;0.86077;0.8815;0.94464;0.96105;;;;
Estados Unidos;USA;Índice de Gini;SI.POV.GINI;;;;;;;;;;;;;;;35.3;;;;;34.6;;;;;;;37.5;;;;;38.2;;;40.2;;;40.7;;;40.3;;;;40.5;;;41;;;40.3;;;41;;;41.4;;;;;
Estados Unidos;USA;Crecimiento del PIB (% anual);NY.GDP.MKTP.KD.ZG;;2.29999999999968;6.10000000000012;4.39999999999992;5.8000000000003;6.39999999999976;6.50000000000028;2.50000000000003;4.79999999999959;3.09999999999999;-0.254079592763304;3.29336237777143;5.25889535776155;5.64571947037473;-0.540546529074902;-0.2054640121342;5.38813922657351;4.62415920683689;5.53530269328533;3.16615027095321;-0.256751930992138;2.53771869780746;-1.80287445271176;4.58392731566101;7.23661999357385;4.16965595430243;3.46265171279892;3.45957255534883;4.17704638444378;3.67265632851046;1.88596032309418;-0.108259105278663;3.52244249386644;2.75284432688012;4.0288390635428;2.68428713241977;3.77250131926519;4.44721634273408;4.48140755451207;4.75323598879717;4.12748401355853;0.9983407946565;1.7416952497298;2.86121076741024;3.79889112662393;3.51321379665302;2.85497229170015;1.87617145846693;-0.136579805460741;-2.53675706585665;2.56376655876581;1.55083550568156;2.24954585236992;1.84208107101102;2.45197303536034;2.88091046605219;1.56721516997864;2.21701033031884;2.92732272821085;;;
Estados Unidos;USA;Gasto en investigación y desarrollo (% del PIB);GB.XPD.RSDV.GD.ZS;;;;;;;;;;;;;;;;;;;;;;;;;;;;;;;;;;;;;2.45001;2.47983;2.50401;2.54965;2.62879;2.6483;2.55926;2.56455;2.50243;2.51697;2.55764;2.63161;2.76791;2.8127;2.7354;2.76525;2.68166;2.70971;2.7192;2.71744;2.75966;2.78798;;;;